{"cameraMode":{"drawMode":0,"name":"Shaded","section":"Shading Mode"},"sceneLighting":true,"audioPlay":false,"sceneViewState":{"showFog":true,"showMaterialUpdate":true,"showSkybox":true,"showFlares":true,"showImageEffects":true,"showParticleSystems":true},"in2DMode":false,"pivot":{"x":-1.5,"y":1.5000029802322388,"z":0.0000035762786865234377},"rotation":{"x":-0.1099541187286377,"y":-0.3980368673801422,"z":0.048115599900484088,"w":-0.909496009349823},"size":1.2986574172973633,"orthographic":false}