{"cameraMode":{"drawMode":0,"name":"Shaded","section":"Shading Mode"},"sceneLighting":true,"audioPlay":false,"sceneViewState":{"showFog":true,"showMaterialUpdate":true,"showSkybox":true,"showFlares":true,"showImageEffects":true,"showParticleSystems":true},"in2DMode":false,"pivot":{"x":7.88996696472168,"y":-3.0660276412963869,"z":113.7538070678711},"rotation":{"x":-0.1010531410574913,"y":-0.22017750144004823,"z":0.022938506677746774,"w":-0.9699441194534302},"size":79.66311645507813,"orthographic":false}