{"cameraMode":{"drawMode":0,"name":"Shaded","section":"Shading Mode"},"sceneLighting":true,"audioPlay":false,"sceneViewState":{"showFog":true,"showMaterialUpdate":true,"showSkybox":true,"showFlares":true,"showImageEffects":true,"showParticleSystems":true},"in2DMode":false,"pivot":{"x":0.25,"y":0.527999997138977,"z":-0.26100000739097597},"rotation":{"x":-0.07440802454948425,"y":-0.6919927000999451,"z":0.10632653534412384,"w":-0.711340606212616},"size":0.5091637372970581,"orthographic":false}