{"cameraMode":{"drawMode":0,"name":"Shaded","section":"Shading Mode"},"sceneLighting":true,"audioPlay":false,"sceneViewState":{"showFog":true,"showMaterialUpdate":true,"showSkybox":true,"showFlares":true,"showImageEffects":true,"showParticleSystems":true},"in2DMode":false,"pivot":{"x":1.1048051118850709,"y":0.1180875301361084,"z":0.025735855102539064},"rotation":{"x":0.010123451240360737,"y":-0.9836286306381226,"z":0.17017307877540589,"w":0.05851736664772034},"size":2.010380983352661,"orthographic":false}