{"cameraMode":{"drawMode":0,"name":"Shaded","section":"Shading Mode"},"sceneLighting":true,"audioPlay":false,"sceneViewState":{"showFog":true,"showMaterialUpdate":true,"showSkybox":true,"showFlares":true,"showImageEffects":true,"showParticleSystems":true},"in2DMode":false,"pivot":{"x":-1.6765615940093995,"y":0.0008346438407897949,"z":1.0623328685760499},"rotation":{"x":0.12400061637163162,"y":-0.8018779158592224,"z":0.17876410484313966,"w":0.5565059185028076},"size":3.31249737739563,"orthographic":false}