{"cameraMode":{"drawMode":0,"name":"Shaded","section":"Shading Mode"},"sceneLighting":false,"audioPlay":false,"sceneViewState":{"showFog":true,"showMaterialUpdate":true,"showSkybox":false,"showFlares":true,"showImageEffects":true,"showParticleSystems":true},"in2DMode":false,"pivot":{"x":1.4901161193847657e-8,"y":1.6862589120864869,"z":-0.027554839849472047},"rotation":{"x":0.05041557550430298,"y":0.8611001968383789,"z":-0.08710113167762757,"w":0.4983886778354645},"size":0.6349053978919983,"orthographic":false}