{"cameraMode":{"drawMode":0,"name":"Shaded","section":"Shading Mode"},"sceneLighting":true,"audioPlay":false,"sceneViewState":{"showFog":true,"showMaterialUpdate":true,"showSkybox":true,"showFlares":true,"showImageEffects":true,"showParticleSystems":true},"in2DMode":false,"pivot":{"x":0.04764646291732788,"y":0.23950165510177613,"z":0.6938326358795166},"rotation":{"x":-0.18971297144889832,"y":0.4212532043457031,"z":-0.09058688580989838,"w":-0.8822481632232666},"size":0.7393555045127869,"orthographic":false}