{"cameraMode":{"drawMode":0,"name":"Shaded","section":"Shading Mode"},"sceneLighting":true,"audioPlay":false,"sceneViewState":{"showFog":true,"showMaterialUpdate":true,"showSkybox":true,"showFlares":true,"showImageEffects":true,"showParticleSystems":true},"in2DMode":false,"pivot":{"x":1.862645149230957e-9,"y":0.6000000238418579,"z":0.30000001192092898},"rotation":{"x":0.07198762893676758,"y":-0.6321385502815247,"z":0.059155043214559558,"w":0.7692398428916931},"size":2.893737316131592,"orthographic":false}