{"cameraMode":{"drawMode":0,"name":"Shaded","section":"Shading Mode"},"sceneLighting":false,"audioPlay":false,"sceneViewState":{"showFog":true,"showMaterialUpdate":true,"showSkybox":false,"showFlares":true,"showImageEffects":true,"showParticleSystems":true},"in2DMode":false,"pivot":{"x":-0.3852730393409729,"y":0.21051225066184998,"z":0.8863043785095215},"rotation":{"x":-0.15418919920921327,"y":-0.007130852434784174,"z":0.0011129999766126276,"w":-0.9880192279815674},"size":0.46212735772132876,"orthographic":false}