{"cameraMode":{"drawMode":0,"name":"Shaded","section":"Shading Mode"},"sceneLighting":false,"audioPlay":false,"sceneViewState":{"showFog":true,"showMaterialUpdate":true,"showSkybox":false,"showFlares":true,"showImageEffects":true,"showParticleSystems":true},"in2DMode":false,"pivot":{"x":-0.6563301086425781,"y":0.006084874272346497,"z":0.36011120676994326},"rotation":{"x":-0.18892048299312592,"y":-0.37326839566230776,"z":0.07792572677135468,"w":-0.9049399495124817},"size":0.4621274769306183,"orthographic":false}