{"cameraMode":{"drawMode":0,"name":"Shaded","section":"Shading Mode"},"sceneLighting":false,"audioPlay":false,"sceneViewState":{"showFog":true,"showMaterialUpdate":true,"showSkybox":false,"showFlares":true,"showImageEffects":true,"showParticleSystems":true},"in2DMode":false,"pivot":{"x":-0.4892263412475586,"y":0.7395610809326172,"z":10.586921691894532},"rotation":{"x":-0.18892048299312592,"y":-0.37326839566230776,"z":0.07792572677135468,"w":-0.9049399495124817},"size":22.0,"orthographic":false}