{"cameraMode":{"drawMode":0,"name":"Shaded","section":"Shading Mode"},"sceneLighting":true,"audioPlay":false,"sceneViewState":{"showFog":true,"showMaterialUpdate":true,"showSkybox":true,"showFlares":true,"showImageEffects":true,"showParticleSystems":true},"in2DMode":false,"pivot":{"x":-0.09792058169841767,"y":1.885634183883667,"z":-0.4655940532684326},"rotation":{"x":0.010123451240360737,"y":-0.9836286306381226,"z":0.17017307877540589,"w":0.05851736664772034},"size":1.4103810787200928,"orthographic":false}