{"cameraMode":{"drawMode":0,"name":"Shaded","section":"Shading Mode"},"sceneLighting":true,"audioPlay":false,"sceneViewState":{"showFog":true,"showMaterialUpdate":true,"showSkybox":true,"showFlares":true,"showImageEffects":true,"showParticleSystems":true},"in2DMode":false,"pivot":{"x":6.910852432250977,"y":1.5243592262268067,"z":0.9366493225097656},"rotation":{"x":-0.06027330830693245,"y":-0.0027123582549393179,"z":0.0001634885702515021,"w":-0.9981827139854431},"size":161.4113311767578,"orthographic":false}